Signature,EnsembleID,GeneName
Angiogenesis,ENSG00000139567,ACVRL1
Angiogenesis,ENSG00000101384,JAG1
Angiogenesis,ENSG00000154188,ANGPT1
Angiogenesis,ENSG00000091879,ANGPT2
Angiogenesis,ENSG00000174059,CD34
Angiogenesis,ENSG00000070831,CDC42
Angiogenesis,ENSG00000112062,MAPK14
Angiogenesis,ENSG00000025708,TYMP
Angiogenesis,ENSG00000078401,EDN1
Angiogenesis,ENSG00000125266,EFNB2
Angiogenesis,ENSG00000179388,EGR3
Angiogenesis,ENSG00000196411,EPHB4
Angiogenesis,ENSG00000120899,PTK2B
Angiogenesis,ENSG00000138685,FGF2
Angiogenesis,ENSG00000077782,FGFR1
Angiogenesis,ENSG00000165197,VEGFD
Angiogenesis,ENSG00000176692,FOXC2
Angiogenesis,ENSG00000102755,FLT1
Angiogenesis,ENSG00000037280,FLT4
Angiogenesis,ENSG00000115414,FN1
Angiogenesis,ENSG00000112293,GPLD1
Angiogenesis,ENSG00000123358,NR4A1
Angiogenesis,ENSG00000125968,ID1
Angiogenesis,ENSG00000161638,ITGA5
Angiogenesis,ENSG00000138448,ITGAV
Angiogenesis,ENSG00000150093,ITGB1
Angiogenesis,ENSG00000128052,KDR
Angiogenesis,ENSG00000134013,LOXL2
Angiogenesis,ENSG00000157227,MMP14
Angiogenesis,ENSG00000148400,NOTCH1
Angiogenesis,ENSG00000197461,PDGFA
Angiogenesis,ENSG00000113721,PDGFRB
Angiogenesis,ENSG00000119630,PGF
Angiogenesis,ENSG00000121879,PIK3CA
Angiogenesis,ENSG00000073756,PTGS2
Angiogenesis,ENSG00000169398,PTK2
Angiogenesis,ENSG00000169855,ROBO1
Angiogenesis,ENSG00000160691,SHC1
Angiogenesis,ENSG00000112658,SRF
Angiogenesis,ENSG00000162367,TAL1
Angiogenesis,ENSG00000241186,TDGF1
Angiogenesis,ENSG00000120156,TEK
Angiogenesis,ENSG00000160293,VAV2
Angiogenesis,ENSG00000112715,VEGFA
Angiogenesis,ENSG00000150630,VEGFC
Angiogenesis,ENSG00000156427,FGF18
Angiogenesis,ENSG00000099250,NRP1
Angiogenesis,ENSG00000112902,SEMA5A
Angiogenesis,ENSG00000131477,RAMP2
Angiogenesis,ENSG00000185043,CIB1
Angiogenesis,ENSG00000164283,ESM1
Angiogenesis,ENSG00000070495,JMJD6
Angiogenesis,ENSG00000164683,HEY1
Angiogenesis,ENSG00000020181,ADGRA2
Angiogenesis,ENSG00000166923,GREM1
Angiogenesis,ENSG00000102359,SRPX2
Angiogenesis,ENSG00000203883,SOX18
Angiogenesis,ENSG00000197702,PARVA
Angiogenesis,ENSG00000173821,RNF213
Angiogenesis,ENSG00000129173,E2F8
Angiogenesis,ENSG00000146374,RSPO3
Angiogenesis,ENSG00000154124,OTULIN
Angiogenesis,ENSG00000165891,E2F7
Angiogenesis,ENSG00000183287,CCBE1
Angiogenesis,ENSG00000164619,BMPER
Angiogenesis,ENSG00000198435,NRARP
Angiogenesis,ENSG00000123610,TNFAIP6
Angiogenesis,ENSG00000038427,VCAN
Angiogenesis,ENSG00000118785,SPP1
Angiogenesis,ENSG00000118971,CCND2
Angiogenesis,ENSG00000145675,PIK3R1
Angiogenesis,ENSG00000159167,STC1
Angiogenesis,ENSG00000184916,JAG2
Apoptosis,ENSG00000120868,APAF1
Apoptosis,ENSG00000128272,ATF4
Apoptosis,ENSG00000149311,ATM
Apoptosis,ENSG00000030110,BAK1
Apoptosis,ENSG00000015475,BID
Apoptosis,ENSG00000176720,BOK
Apoptosis,ENSG00000139618,BRCA2
Apoptosis,ENSG00000106144,CASP2
Apoptosis,ENSG00000196954,CASP4
Apoptosis,ENSG00000132906,CASP9
Apoptosis,ENSG00000167657,DAPK3
Apoptosis,ENSG00000175197,DDIT3
Apoptosis,ENSG00000007968,E2F2
Apoptosis,ENSG00000100393,EP300
Apoptosis,ENSG00000148180,GSN
Apoptosis,ENSG00000163565,IFI16
Apoptosis,ENSG00000122641,INHBA
Apoptosis,ENSG00000170421,KRT8
Apoptosis,ENSG00000168961,LGALS9
Apoptosis,ENSG00000100968,NFATC4
Apoptosis,ENSG00000089041,P2RX7
Apoptosis,ENSG00000141682,PMAIP1
Apoptosis,ENSG00000070501,POLB
Apoptosis,ENSG00000137713,PPP2R1B
Apoptosis,ENSG00000078304,PPP2R5C
Apoptosis,ENSG00000134243,SORT1
Apoptosis,ENSG00000136603,SKIL
Apoptosis,ENSG00000104375,STK3
Apoptosis,ENSG00000101109,STK4
Apoptosis,ENSG00000100234,TIMP3
Apoptosis,ENSG00000067182,TNFRSF1A
Apoptosis,ENSG00000028137,TNFRSF1B
Apoptosis,ENSG00000143514,TP53BP2
Apoptosis,ENSG00000127334,DYRK2
Apoptosis,ENSG00000169372,CRADD
Apoptosis,ENSG00000142867,BCL10
Apoptosis,ENSG00000156709,AIFM1
Apoptosis,ENSG00000153094,BCL2L11
Apoptosis,ENSG00000087470,DNM1L
Apoptosis,ENSG00000185825,BCAP31
Apoptosis,ENSG00000184990,SIVA1
Apoptosis,ENSG00000213190,MLLT11
Apoptosis,ENSG00000129465,RIPK3
Apoptosis,ENSG00000100603,SNW1
Apoptosis,ENSG00000088808,PPP1R13B
Apoptosis,ENSG00000174307,PHLDA3
Apoptosis,ENSG00000176046,NUPR1
Apoptosis,ENSG00000105327,BBC3
Apoptosis,ENSG00000136305,CIDEB
Apoptosis,ENSG00000146072,TNFRSF21
Apoptosis,ENSG00000103490,PYCARD
Apoptosis,ENSG00000089486,CDIP1
Apoptosis,ENSG00000123689,G0S2
Apoptosis,ENSG00000164054,SHISA5
Apoptosis,ENSG00000006327,TNFRSF12A
Apoptosis,ENSG00000186153,WWOX
Apoptosis,ENSG00000168209,DDIT4
Apoptosis,ENSG00000048028,USP28
Apoptosis,ENSG00000165943,MOAP1
Apoptosis,ENSG00000181026,AEN
Apoptosis,ENSG00000110108,TMEM109
Apoptosis,ENSG00000256053,APOPT1
Apoptosis,ENSG00000104081,BMF
Apoptosis,ENSG00000136848,DAB2IP
Apoptosis,ENSG00000160570,DEDD2
Apoptosis,ENSG00000180953,ST20
Cell Cycle,ENSG00000011426,ANLN
Cell Cycle,ENSG00000143401,ANP32E
Cell Cycle,ENSG00000156802,ATAD2
Cell Cycle,ENSG00000087586,AURKA
Cell Cycle,ENSG00000136492,BRIP1
Cell Cycle,ENSG00000118412,CASP8AP2
Cell Cycle,ENSG00000094916,CBX5
Cell Cycle,ENSG00000145386,CCNA2
Cell Cycle,ENSG00000157456,CCNB2
Cell Cycle,ENSG00000110092,CCND1
Cell Cycle,ENSG00000105173,CCNE1
Cell Cycle,ENSG00000175305,CCNE2
Cell Cycle,ENSG00000158402,CDC25C
Cell Cycle,ENSG00000093009,CDC45
Cell Cycle,ENSG00000094804,CDC6
Cell Cycle,ENSG00000184661,CDCA2
Cell Cycle,ENSG00000111665,CDCA3
Cell Cycle,ENSG00000134690,CDCA8
Cell Cycle,ENSG00000115163,CENPA
Cell Cycle,ENSG00000138778,CENPE
Cell Cycle,ENSG00000159259,CHAF1B
Cell Cycle,ENSG00000169607,CKAP2L
Cell Cycle,ENSG00000175216,CKAP5
Cell Cycle,ENSG00000173207,CKS1B
Cell Cycle,ENSG00000123975,CKS2
Cell Cycle,ENSG00000092853,CLSPN
Cell Cycle,ENSG00000228716,DHFR
Cell Cycle,ENSG00000126787,DLGAP5
Cell Cycle,ENSG00000136982,DSCC1
Cell Cycle,ENSG00000143476,DTL
Cell Cycle,ENSG00000114346,ECT2
Cell Cycle,ENSG00000174371,EXO1
Cell Cycle,ENSG00000168496,FEN1
Cell Cycle,ENSG00000139354,GAS2L3
Cell Cycle,ENSG00000131153,GINS2
Cell Cycle,ENSG00000075218,GTSE1
Cell Cycle,ENSG00000119969,HELLS
Cell Cycle,ENSG00000123485,HJURP
Cell Cycle,ENSG00000072571,HMMR
Cell Cycle,ENSG00000138160,KIF11
Cell Cycle,ENSG00000137807,KIF23
Cell Cycle,ENSG00000142945,KIF2C
Cell Cycle,ENSG00000143815,LBR
Cell Cycle,ENSG00000104738,MCM4
Cell Cycle,ENSG00000100297,MCM5
Cell Cycle,ENSG00000076003,MCM6
Cell Cycle,ENSG00000148773,MKI67
Cell Cycle,ENSG00000132780,NASP
Cell Cycle,ENSG00000010292,NCAPD2
Cell Cycle,ENSG00000080986,NDC80
Cell Cycle,ENSG00000117650,NEK2
Cell Cycle,ENSG00000143228,NUF2
Cell Cycle,ENSG00000137804,NUSAP1
Cell Cycle,ENSG00000132646,PCNA
Cell Cycle,ENSG00000101868,POLA1
Cell Cycle,ENSG00000077514,POLD3
Cell Cycle,ENSG00000198056,PRIM1
Cell Cycle,ENSG00000134222,PSRC1
Cell Cycle,ENSG00000164611,PTTG1
Cell Cycle,ENSG00000164754,RAD21
Cell Cycle,ENSG00000111247,RAD51AP1
Cell Cycle,ENSG00000100401,RANGAP1
Cell Cycle,ENSG00000049541,RFC2
Cell Cycle,ENSG00000163918,RFC4
Cell Cycle,ENSG00000117748,RPA2
Cell Cycle,ENSG00000167325,RRM1
Cell Cycle,ENSG00000171848,RRM2
Cell Cycle,ENSG00000163950,SLBP
Cell Cycle,ENSG00000113810,SMC4
Cell Cycle,ENSG00000013810,TACC3
Cell Cycle,ENSG00000075131,TIPIN
Cell Cycle,ENSG00000120802,TMPO
Cell Cycle,ENSG00000131747,TOP2A
Cell Cycle,ENSG00000112742,TTK
Cell Cycle,ENSG00000188229,TUBB4B
Cell Cycle,ENSG00000176890,TYMS
Cell Cycle,ENSG00000012963,UBR7
Cell Cycle,ENSG00000276043,UHRF1
Cell Cycle,ENSG00000076248,UNG
Cell Cycle,ENSG00000162607,USP1
Cell Cycle,ENSG00000092470,WDR76
Cell Cycle,ENSG00000014138,POLA2
Cell Cycle,ENSG00000023909,GCLM
Cell Cycle,ENSG00000029993,HMGB3
Cell Cycle,ENSG00000035499,DEPDC1B
Cell Cycle,ENSG00000068489,PRR11
Cell Cycle,ENSG00000069275,NUCKS1
Cell Cycle,ENSG00000075188,NUP37
Cell Cycle,ENSG00000077152,UBE2T
Cell Cycle,ENSG00000091651,ORC6
Cell Cycle,ENSG00000100162,CENPM
Cell Cycle,ENSG00000100749,VRK1
Cell Cycle,ENSG00000101224,CDC25B
Cell Cycle,ENSG00000101447,FAM83D
Cell Cycle,ENSG00000105011,ASF1B
Cell Cycle,ENSG00000109519,GRPEL1
Cell Cycle,ENSG00000111445,RFC5
Cell Cycle,ENSG00000112081,SRSF3
Cell Cycle,ENSG00000121211,MND1
Cell Cycle,ENSG00000122952,ZWINT
Cell Cycle,ENSG00000131462,TUBG1
Cell Cycle,ENSG00000132199,ENOSF1
Cell Cycle,ENSG00000132341,RAN
Cell Cycle,ENSG00000133119,RFC3
Cell Cycle,ENSG00000133740,E2F5
Cell Cycle,ENSG00000135334,AKIRIN2
Cell Cycle,ENSG00000135451,TROAP
Cell Cycle,ENSG00000136122,BORA
Cell Cycle,ENSG00000140451,PIF1
Cell Cycle,ENSG00000140525,FANCI
Cell Cycle,ENSG00000145220,LYAR
Cell Cycle,ENSG00000146670,CDCA5
Cell Cycle,ENSG00000149636,DSN1
Cell Cycle,ENSG00000162063,CCNF
Cell Cycle,ENSG00000164045,CDC25A
Cell Cycle,ENSG00000164105,SAP30
Cell Cycle,ENSG00000164649,CDCA7L
Cell Cycle,ENSG00000164941,INTS8
Cell Cycle,ENSG00000166508,MCM7
Cell Cycle,ENSG00000167670,CHAF1A
Cell Cycle,ENSG00000168078,PBK
Cell Cycle,ENSG00000168393,DTYMK
Cell Cycle,ENSG00000169188,APEX2
Cell Cycle,ENSG00000170759,KIF5B
Cell Cycle,ENSG00000171241,SHCBP1
Cell Cycle,ENSG00000174442,ZWILCH
Cell Cycle,ENSG00000182481,KPNA2
Cell Cycle,ENSG00000188486,H2AFX
Cell Cycle,ENSG00000189060,H1F0
Cell Cycle,ENSG00000196230,TUBB
Cell Cycle,ENSG00000197061,HIST1H4C
Cell Cycle,ENSG00000198901,PRC1
Cell Cycle,ENSG00000203760,CENPW
Cell Cycle,ENSG00000204568,MRPS18B
Cell Cycle,ENSG00000204899,MZT1
Cell Cycle,ENSG00000237649,KIFC1
Cell Cycle,ENSG00000079616,KIF22
Differentiation,ENSG00000097007,ABL1
Differentiation,ENSG00000115170,ACVR1
Differentiation,ENSG00000196839,ADA
Differentiation,ENSG00000135744,AGT
Differentiation,ENSG00000142208,AKT1
Differentiation,ENSG00000135046,ANXA1
Differentiation,ENSG00000172238,ATOH1
Differentiation,ENSG00000157087,ATP2B2
Differentiation,ENSG00000165240,ATP7A
Differentiation,ENSG00000167601,AXL
Differentiation,ENSG00000171791,BCL2
Differentiation,ENSG00000069399,BCL3
Differentiation,ENSG00000057657,PRDM1
Differentiation,ENSG00000125845,BMP2
Differentiation,ENSG00000153162,BMP6
Differentiation,ENSG00000157764,BRAF
Differentiation,ENSG00000064012,CASP8
Differentiation,ENSG00000182533,CAV3
Differentiation,ENSG00000124813,RUNX2
Differentiation,ENSG00000159216,RUNX1
Differentiation,ENSG00000134057,CCNB1
Differentiation,ENSG00000114013,CD86
Differentiation,ENSG00000170312,CDK1
Differentiation,ENSG00000070831,CDC42
Differentiation,ENSG00000170558,CDH2
Differentiation,ENSG00000245848,CEBPA
Differentiation,ENSG00000172216,CEBPB
Differentiation,ENSG00000118260,CREB1
Differentiation,ENSG00000112062,MAPK14
Differentiation,ENSG00000184371,CSF1
Differentiation,ENSG00000182578,CSF1R
Differentiation,ENSG00000164400,CSF2
Differentiation,ENSG00000184845,DRD1
Differentiation,ENSG00000124205,EDN3
Differentiation,ENSG00000136160,EDNRB
Differentiation,ENSG00000142627,EPHA2
Differentiation,ENSG00000135638,EMX1
Differentiation,ENSG00000100393,EP300
Differentiation,ENSG00000178568,ERBB4
Differentiation,ENSG00000104884,ERCC2
Differentiation,ENSG00000107831,FGF8
Differentiation,ENSG00000077782,FGFR1
Differentiation,ENSG00000066468,FGFR2
Differentiation,ENSG00000176692,FOXC2
Differentiation,ENSG00000090554,FLT3LG
Differentiation,ENSG00000198793,MTOR
Differentiation,ENSG00000102145,GATA1
Differentiation,ENSG00000136574,GATA4
Differentiation,ENSG00000141448,GATA6
Differentiation,ENSG00000168621,GDNF
Differentiation,ENSG00000087460,GNAS
Differentiation,ENSG00000196591,HDAC2
Differentiation,ENSG00000123338,NCKAP1L
Differentiation,ENSG00000157168,NRG1
Differentiation,ENSG00000152804,HHEX
Differentiation,ENSG00000100644,HIF1A
Differentiation,ENSG00000189403,HMGB1
Differentiation,ENSG00000129514,FOXA1
Differentiation,ENSG00000106004,HOXA5
Differentiation,ENSG00000017427,IGF1
Differentiation,ENSG00000109471,IL2
Differentiation,ENSG00000077238,IL4R
Differentiation,ENSG00000095752,IL11
Differentiation,ENSG00000113302,IL12B
Differentiation,ENSG00000164136,IL15
Differentiation,ENSG00000166333,ILK
Differentiation,ENSG00000173404,INSM1
Differentiation,ENSG00000137265,IRF4
Differentiation,ENSG00000184916,JAG2
Differentiation,ENSG00000177606,JUN
Differentiation,ENSG00000171223,JUNB
Differentiation,ENSG00000157404,KIT
Differentiation,ENSG00000172037,LAMB2
Differentiation,ENSG00000174697,LEP
Differentiation,ENSG00000100097,LGALS1
Differentiation,ENSG00000168961,LGALS9
Differentiation,ENSG00000273706,LHX1
Differentiation,ENSG00000128342,LIF
Differentiation,ENSG00000160789,LMNA
Differentiation,ENSG00000254087,LYN
Differentiation,ENSG00000141646,SMAD4
Differentiation,ENSG00000068305,MEF2A
Differentiation,ENSG00000081189,MEF2C
Differentiation,ENSG00000049130,KITLG
Differentiation,ENSG00000157227,MMP14
Differentiation,ENSG00000111049,MYF5
Differentiation,ENSG00000111046,MYF6
Differentiation,ENSG00000100345,MYH9
Differentiation,ENSG00000137474,MYO7A
Differentiation,ENSG00000129152,MYOD1
Differentiation,ENSG00000122180,MYOG
Differentiation,ENSG00000101096,NFATC2
Differentiation,ENSG00000147862,NFIB
Differentiation,ENSG00000198400,NTRK1
Differentiation,ENSG00000148053,NTRK2
Differentiation,ENSG00000007168,PAFAH1B1
Differentiation,ENSG00000075891,PAX2
Differentiation,ENSG00000163737,PF4
Differentiation,ENSG00000164093,PITX2
Differentiation,ENSG00000102024,PLS3
Differentiation,ENSG00000091010,POU4F3
Differentiation,ENSG00000132170,PPARG
Differentiation,ENSG00000102882,MAPK3
Differentiation,ENSG00000169032,MAP2K1
Differentiation,ENSG00000117707,PROX1
Differentiation,ENSG00000080815,PSEN1
Differentiation,ENSG00000171522,PTGER4
Differentiation,ENSG00000105894,PTN
Differentiation,ENSG00000179295,PTPN11
Differentiation,ENSG00000106278,PTPRZ1
Differentiation,ENSG00000136238,RAC1
Differentiation,ENSG00000166349,RAG1
Differentiation,ENSG00000139687,RB1
Differentiation,ENSG00000104856,RELB
Differentiation,ENSG00000186350,RXRA
Differentiation,ENSG00000172724,CCL19
Differentiation,ENSG00000168779,SHOX2
Differentiation,ENSG00000124216,SNAI1
Differentiation,ENSG00000142168,SOD1
Differentiation,ENSG00000124766,SOX4
Differentiation,ENSG00000100146,SOX10
Differentiation,ENSG00000176887,SOX11
Differentiation,ENSG00000172845,SP3
Differentiation,ENSG00000066336,SPI1
Differentiation,ENSG00000112658,SRF
Differentiation,ENSG00000173757,STAT5B
Differentiation,ENSG00000118046,STK11
Differentiation,ENSG00000165025,SYK
Differentiation,ENSG00000162367,TAL1
Differentiation,ENSG00000092969,TGFB2
Differentiation,ENSG00000163513,TGFBR2
Differentiation,ENSG00000126351,THRA
Differentiation,ENSG00000136352,NKX2-1
Differentiation,ENSG00000175104,TRAF6
Differentiation,ENSG00000165699,TSC1
Differentiation,ENSG00000112715,VEGFA
Differentiation,ENSG00000154764,WNT7A
Differentiation,ENSG00000061492,WNT8A
Differentiation,ENSG00000085741,WNT11
Differentiation,ENSG00000184937,WT1
Differentiation,ENSG00000115085,ZAP70
Differentiation,ENSG00000163508,EOMES
Differentiation,ENSG00000138623,SEMA7A
Differentiation,ENSG00000120659,TNFSF11
Differentiation,ENSG00000073282,TP63
Differentiation,ENSG00000125657,TNFSF9
Differentiation,ENSG00000168040,FADD
Differentiation,ENSG00000099250,NRP1
Differentiation,ENSG00000007062,PROM1
Differentiation,ENSG00000109062,SLC9A3R1
Differentiation,ENSG00000057663,ATG5
Differentiation,ENSG00000033867,SLC4A7
Differentiation,ENSG00000161021,MAML1
Differentiation,ENSG00000169554,ZEB2
Differentiation,ENSG00000134198,TSPAN2
Differentiation,ENSG00000138802,SEC24B
Differentiation,ENSG00000156127,BATF
Differentiation,ENSG00000126804,ZBTB1
Differentiation,ENSG00000004487,KDM1A
Differentiation,ENSG00000132510,KDM6B
Differentiation,ENSG00000135547,HEY2
Differentiation,ENSG00000180900,SCRIB
Differentiation,ENSG00000149256,TENM4
Differentiation,ENSG00000104164,BLOC1S6
Differentiation,ENSG00000114861,FOXP1
Differentiation,ENSG00000163217,BMP10
Differentiation,ENSG00000162891,IL20
Differentiation,ENSG00000064309,CDON
Differentiation,ENSG00000143951,WDPCP
Differentiation,ENSG00000138795,LEF1
Differentiation,ENSG00000110944,IL23A
Differentiation,ENSG00000112782,CLIC5
Differentiation,ENSG00000128917,DLL4
Differentiation,ENSG00000166292,TMEM100
Differentiation,ENSG00000055732,MCOLN3
Differentiation,ENSG00000110693,SOX6
Differentiation,ENSG00000166823,MESP1
Differentiation,ENSG00000003137,CYP26B1
Differentiation,ENSG00000177706,FAM20C
Differentiation,ENSG00000125850,OVOL2
Differentiation,ENSG00000151748,SAV1
Differentiation,ENSG00000196189,SEMA4A
Differentiation,ENSG00000127152,BCL11B
Differentiation,ENSG00000101882,NKAP
Differentiation,ENSG00000186862,PDZD7
Differentiation,ENSG00000111186,WNT5B
Differentiation,ENSG00000164935,DCSTAMP
Differentiation,ENSG00000158555,GDPD5
Differentiation,ENSG00000184564,SLITRK6
Differentiation,ENSG00000140795,MYLK3
Differentiation,ENSG00000165091,TMC1
Differentiation,ENSG00000149635,OCSTAMP
Differentiation,ENSG00000164509,IL31RA
Differentiation,ENSG00000162594,IL23R
Differentiation,ENSG00000143869,GDF7
Differentiation,ENSG00000119919,NKX2-3
Differentiation,ENSG00000242866,STRC
Differentiation,ENSG00000004848,ARX
Differentiation,ENSG00000180613,GSX2
Differentiation,ENSG00000197753,LHFPL5
Differentiation,ENSG00000101974,ATP11C
DNA damage,ENSG00000012048,BRCA1
DNA damage,ENSG00000020922,MRE11
DNA damage,ENSG00000053254,FOXN3
DNA damage,ENSG00000064393,HIPK2
DNA damage,ENSG00000067066,SP100
DNA damage,ENSG00000068878,PSME4
DNA damage,ENSG00000072133,RPS6KA6
DNA damage,ENSG00000073282,TP63
DNA damage,ENSG00000075218,GTSE1
DNA damage,ENSG00000078304,PPP2R5C
DNA damage,ENSG00000078900,TP73
DNA damage,ENSG00000080802,CNOT4
DNA damage,ENSG00000086061,DNAJA1
DNA damage,ENSG00000087088,BAX
DNA damage,ENSG00000087206,UIMC1
DNA damage,ENSG00000087586,AURKA
DNA damage,ENSG00000088038,CNOT3
DNA damage,ENSG00000090097,PCBP4
DNA damage,ENSG00000090447,TFAP4
DNA damage,ENSG00000101412,E2F1
DNA damage,ENSG00000102760,RGCC
DNA damage,ENSG00000103479,RBL2
DNA damage,ENSG00000104320,NBN
DNA damage,ENSG00000104499,GML
DNA damage,ENSG00000105393,BABAM1
DNA damage,ENSG00000106144,CASP2
DNA damage,ENSG00000108465,CDK5RAP3
DNA damage,ENSG00000110092,CCND1
DNA damage,ENSG00000111206,FOXM1
DNA damage,ENSG00000111276,CDKN1B
DNA damage,ENSG00000111596,CNOT2
DNA damage,ENSG00000111653,ING4
DNA damage,ENSG00000113300,CNOT6
DNA damage,ENSG00000114126,TFDP2
DNA damage,ENSG00000114670,NEK11
DNA damage,ENSG00000115233,PSMD14
DNA damage,ENSG00000116017,ARID3A
DNA damage,ENSG00000116670,MAD2L2
DNA damage,ENSG00000116717,GADD45A
DNA damage,ENSG00000117614,SYF2
DNA damage,ENSG00000117748,RPA2
DNA damage,ENSG00000118495,PLAGL1
DNA damage,ENSG00000122257,RBBP6
DNA damage,ENSG00000123374,CDK2
DNA damage,ENSG00000124762,CDKN1A
DNA damage,ENSG00000124766,SOX4
DNA damage,ENSG00000125107,CNOT1
DNA damage,ENSG00000126457,PRMT1
DNA damage,ENSG00000129473,BCL2L2
DNA damage,ENSG00000132646,PCNA
DNA damage,ENSG00000132819,RBM38
DNA damage,ENSG00000134057,CCNB1
DNA damage,ENSG00000135090,TAOK3
DNA damage,ENSG00000135679,MDM2
DNA damage,ENSG00000138767,CNOT6L
DNA damage,ENSG00000139618,BRCA2
DNA damage,ENSG00000140464,PML
DNA damage,ENSG00000140525,FANCI
DNA damage,ENSG00000141510,TP53
DNA damage,ENSG00000141682,PMAIP1
DNA damage,ENSG00000142453,CARM1
DNA damage,ENSG00000143476,DTL
DNA damage,ENSG00000143947,RPS27A
DNA damage,ENSG00000144580,CNOT9
DNA damage,ENSG00000145386,CCNA2
DNA damage,ENSG00000145632,PLK2
DNA damage,ENSG00000149115,TNKS1BP1
DNA damage,ENSG00000149273,RPS3
DNA damage,ENSG00000149311,ATM
DNA damage,ENSG00000149554,CHEK1
DNA damage,ENSG00000149948,HMGA2
DNA damage,ENSG00000150991,UBC
DNA damage,ENSG00000151849,CENPJ
DNA damage,ENSG00000154767,XPC
DNA damage,ENSG00000155508,CNOT8
DNA damage,ENSG00000158019,BABAM2
DNA damage,ENSG00000158402,CDC25C
DNA damage,ENSG00000158435,CNOT11
DNA damage,ENSG00000159388,BTG2
DNA damage,ENSG00000161642,ZNF385A
DNA damage,ENSG00000162607,USP1
DNA damage,ENSG00000163322,ABRAXAS1
DNA damage,ENSG00000163961,RNF168
DNA damage,ENSG00000164808,SPIDR
DNA damage,ENSG00000165891,E2F7
DNA damage,ENSG00000169372,CRADD
DNA damage,ENSG00000170312,CDK1
DNA damage,ENSG00000170315,UBB
DNA damage,ENSG00000170855,TRIAP1
DNA damage,ENSG00000172613,RAD9A
DNA damage,ENSG00000172977,KAT5
DNA damage,ENSG00000173846,PLK3
DNA damage,ENSG00000175054,ATR
DNA damage,ENSG00000175793,SFN
DNA damage,ENSG00000177374,HIC1
DNA damage,ENSG00000177595,PIDD1
DNA damage,ENSG00000177889,UBE2N
DNA damage,ENSG00000181163,NPM1
DNA damage,ENSG00000182973,CNOT10
DNA damage,ENSG00000183765,CHEK2
DNA damage,ENSG00000184481,FOXO4
DNA damage,ENSG00000185499,MUC1
DNA damage,ENSG00000185515,BRCC3
DNA damage,ENSG00000197299,BLM
DNA damage,ENSG00000198176,TFDP1
DNA damage,ENSG00000198625,MDM4
DNA damage,ENSG00000198791,CNOT7
DNA damage,ENSG00000205250,E2F4
DNA damage,ENSG00000221983,UBA52
DNA damage,ENSG00000253729,PRKDC
DNA repair,ENSG00000002016,RAD52
DNA repair,ENSG00000005075,POLR2J
DNA repair,ENSG00000005156,LIG3
DNA repair,ENSG00000009413,REV3L
DNA repair,ENSG00000012048,BRCA1
DNA repair,ENSG00000012061,ERCC1
DNA repair,ENSG00000020426,MNAT1
DNA repair,ENSG00000020922,MRE11
DNA repair,ENSG00000035928,RFC1
DNA repair,ENSG00000042088,TDP1
DNA repair,ENSG00000048392,RRM2B
DNA repair,ENSG00000049167,ERCC8
DNA repair,ENSG00000049541,RFC2
DNA repair,ENSG00000062822,POLD1
DNA repair,ENSG00000065057,NTHL1
DNA repair,ENSG00000067369,TP53BP1
DNA repair,ENSG00000070501,POLB
DNA repair,ENSG00000073050,XRCC1
DNA repair,ENSG00000076924,XAB2
DNA repair,ENSG00000077514,POLD3
DNA repair,ENSG00000079246,XRCC5
DNA repair,ENSG00000080345,RIF1
DNA repair,ENSG00000083093,PALB2
DNA repair,ENSG00000096717,SIRT1
DNA repair,ENSG00000099817,POLR2E
DNA repair,ENSG00000100142,POLR2F
DNA repair,ENSG00000100479,POLE2
DNA repair,ENSG00000100823,APEX1
DNA repair,ENSG00000101751,POLI
DNA repair,ENSG00000101868,POLA1
DNA repair,ENSG00000102978,POLR2C
DNA repair,ENSG00000103152,MPG
DNA repair,ENSG00000104320,NBN
DNA repair,ENSG00000104884,ERCC2
DNA repair,ENSG00000105258,POLR2I
DNA repair,ENSG00000105486,LIG1
DNA repair,ENSG00000106399,RPA3
DNA repair,ENSG00000106628,POLD2
DNA repair,ENSG00000108384,RAD51C
DNA repair,ENSG00000110768,GTF2H1
DNA repair,ENSG00000111247,RAD51AP1
DNA repair,ENSG00000111358,GTF2H3
DNA repair,ENSG00000111445,RFC5
DNA repair,ENSG00000112039,FANCE
DNA repair,ENSG00000113522,RAD50
DNA repair,ENSG00000114026,OGG1
DNA repair,ENSG00000115392,FANCL
DNA repair,ENSG00000116670,MAD2L2
DNA repair,ENSG00000117748,RPA2
DNA repair,ENSG00000119318,RAD23B
DNA repair,ENSG00000122008,POLK
DNA repair,ENSG00000123415,SMUG1
DNA repair,ENSG00000124535,WRNIP1
DNA repair,ENSG00000126215,XRCC3
DNA repair,ENSG00000129071,MBD4
DNA repair,ENSG00000130997,POLN
DNA repair,ENSG00000132383,RPA1
DNA repair,ENSG00000132646,PCNA
DNA repair,ENSG00000132781,MUTYH
DNA repair,ENSG00000133119,RFC3
DNA repair,ENSG00000134058,CDK7
DNA repair,ENSG00000134480,CCNH
DNA repair,ENSG00000134574,DDB2
DNA repair,ENSG00000135945,REV1
DNA repair,ENSG00000136492,BRIP1
DNA repair,ENSG00000136936,XPA
DNA repair,ENSG00000139372,TDG
DNA repair,ENSG00000139618,BRCA2
DNA repair,ENSG00000141510,TP53
DNA repair,ENSG00000143799,PARP1
DNA repair,ENSG00000143947,RPS27A
DNA repair,ENSG00000144231,POLR2D
DNA repair,ENSG00000144554,FANCD2
DNA repair,ENSG00000147400,CETN2
DNA repair,ENSG00000147669,POLR2K
DNA repair,ENSG00000149136,SSRP1
DNA repair,ENSG00000149311,ATM
DNA repair,ENSG00000152422,XRCC4
DNA repair,ENSG00000152669,CCNO
DNA repair,ENSG00000154767,XPC
DNA repair,ENSG00000158169,FANCC
DNA repair,ENSG00000163161,ERCC3
DNA repair,ENSG00000163882,POLR2H
DNA repair,ENSG00000163918,RFC4
DNA repair,ENSG00000164104,HMGB2
DNA repair,ENSG00000165392,WRN
DNA repair,ENSG00000166169,POLL
DNA repair,ENSG00000166199,ALKBH3
DNA repair,ENSG00000167986,DDB1
DNA repair,ENSG00000168002,POLR2G
DNA repair,ENSG00000168496,FEN1
DNA repair,ENSG00000169139,UBE2V2
DNA repair,ENSG00000170430,MGMT
DNA repair,ENSG00000170734,POLH
DNA repair,ENSG00000174371,EXO1
DNA repair,ENSG00000174405,LIG4
DNA repair,ENSG00000175054,ATR
DNA repair,ENSG00000175482,POLD4
DNA repair,ENSG00000175595,ERCC4
DNA repair,ENSG00000177084,POLE
DNA repair,ENSG00000177302,TOP3A
DNA repair,ENSG00000177889,UBE2N
DNA repair,ENSG00000181544,FANCB
DNA repair,ENSG00000182185,RAD51B
DNA repair,ENSG00000183161,FANCF
DNA repair,ENSG00000185379,RAD51D
DNA repair,ENSG00000187741,FANCA
DNA repair,ENSG00000187790,FANCM
DNA repair,ENSG00000188486,H2AFX
DNA repair,ENSG00000189046,ALKBH2
DNA repair,ENSG00000189403,HMGB1
DNA repair,ENSG00000196419,XRCC6
DNA repair,ENSG00000196584,XRCC2
DNA repair,ENSG00000197299,BLM
DNA repair,ENSG00000213780,GTF2H4
DNA repair,ENSG00000221829,FANCG
DNA repair,ENSG00000221983,UBA52
DNA repair,ENSG00000253729,PRKDC
DNA repair,ENSG00000272047,GTF2H5
EMT,ENSG00000182492,BGN
EMT,ENSG00000140937,CDH11
EMT,ENSG00000170558,CDH2
EMT,ENSG00000164692,COL1A2
EMT,ENSG00000168542,COL3A1
EMT,ENSG00000204262,COL5A2
EMT,ENSG00000118523,CTGF
EMT,ENSG00000162733,DDR2
EMT,ENSG00000143369,ECM1
EMT,ENSG00000078098,FAP
EMT,ENSG00000140092,FBLN5
EMT,ENSG00000166147,FBN1
EMT,ENSG00000176692,FOXC2
EMT,ENSG00000163430,FSTL1
EMT,ENSG00000133937,GSC
EMT,ENSG00000170961,HAS2
EMT,ENSG00000141753,IGFBP4
EMT,ENSG00000196611,MMP1
EMT,ENSG00000087245,MMP2
EMT,ENSG00000101335,MYL9
EMT,ENSG00000175745,NR2F1
EMT,ENSG00000106333,PCOLCE
EMT,ENSG00000133110,POSTN
EMT,ENSG00000116132,PRRX1
EMT,ENSG00000163661,PTX3
EMT,ENSG00000117152,RGS4
EMT,ENSG00000124216,SNAI1
EMT,ENSG00000152377,SPOCK1
EMT,ENSG00000149591,TAGLN
EMT,ENSG00000167552,TUBA1A
EMT,ENSG00000122691,TWIST1
EMT,ENSG00000026025,VIM
EMT,ENSG00000114251,WNT5A
EMT,ENSG00000107796,ACTA2
EMT,ENSG00000012048,BRCA1
EMT,ENSG00000149257,SERPINH1
EMT,ENSG00000115163,CENPA
EMT,ENSG00000108821,COL1A1
EMT,ENSG00000187498,COL4A1
EMT,ENSG00000142173,COL6A2
EMT,ENSG00000038427,VCAN
EMT,ENSG00000164733,CTSB
EMT,ENSG00000153071,DAB2
EMT,ENSG00000156136,DCK
EMT,ENSG00000163520,FBLN2
EMT,ENSG00000115414,FN1
EMT,ENSG00000180447,GAS1
EMT,ENSG00000100644,HIF1A
EMT,ENSG00000072571,HMMR
EMT,ENSG00000041982,TNC
EMT,ENSG00000138448,ITGAV
EMT,ENSG00000139329,LUM
EMT,ENSG00000112118,MCM3
EMT,ENSG00000166508,MCM7
EMT,ENSG00000148773,MKI67
EMT,ENSG00000157227,MMP14
EMT,ENSG00000135318,NT5E
EMT,ENSG00000115758,ODC1
EMT,ENSG00000134853,PDGFRA
EMT,ENSG00000011422,PLAUR
EMT,ENSG00000168938,PPIC
EMT,ENSG00000166033,HTRA1
EMT,ENSG00000080839,RBL1
EMT,ENSG00000124875,CXCL6
EMT,ENSG00000115884,SDC1
EMT,ENSG00000137575,SDCBP
EMT,ENSG00000102265,TIMP1
EMT,ENSG00000171617,ENC1
EMT,ENSG00000258947,TUBB3
EMT,ENSG00000142731,PLK4
EMT,ENSG00000091651,ORC6
EMT,ENSG00000011426,ANLN
EMT,ENSG00000162545,CAMK2N1
EMT,ENSG00000145293,ENOPH1
EMT,ENSG00000026508,CD44
EMT,ENSG00000134013,LOXL2
EMT,ENSG00000069702,TGFBR3
EMT,ENSG00000002745,WNT16
EMT,ENSG00000105989,WNT2
EMT,ENSG00000106799,TGFBR1
EMT,ENSG00000107831,FGF8
EMT,ENSG00000115109,EPB41L5
EMT,ENSG00000130558,OLFM1
EMT,ENSG00000135547,HEY2
EMT,ENSG00000138795,LEF1
EMT,ENSG00000157554,ERG
EMT,ENSG00000164683,HEY1
EMT,ENSG00000166292,TMEM100
EMT,ENSG00000169242,EFNA1
EMT,ENSG00000196154,S100A4
Hypoxia,ENSG00000147872,PLIN2
Hypoxia,ENSG00000148926,ADM
Hypoxia,ENSG00000170425,ADORA2B
Hypoxia,ENSG00000162433,AK4
Hypoxia,ENSG00000109107,ALDOC
Hypoxia,ENSG00000214274,ANG
Hypoxia,ENSG00000162772,ATF3
Hypoxia,ENSG00000176171,BNIP3
Hypoxia,ENSG00000104765,BNIP3L
Hypoxia,ENSG00000107159,CA9
Hypoxia,ENSG00000074410,CA12
Hypoxia,ENSG00000105974,CAV1
Hypoxia,ENSG00000138764,CCNG2
Hypoxia,ENSG00000067082,KLF6
Hypoxia,ENSG00000120129,DUSP1
Hypoxia,ENSG00000169242,EFNA1
Hypoxia,ENSG00000111674,ENO2
Hypoxia,ENSG00000117525,F3
Hypoxia,ENSG00000170345,FOS
Hypoxia,ENSG00000113580,NR3C1
Hypoxia,ENSG00000104812,GYS1
Hypoxia,ENSG00000100644,HIF1A
Hypoxia,ENSG00000156515,HK1
Hypoxia,ENSG00000159399,HK2
Hypoxia,ENSG00000100292,HMOX1
Hypoxia,ENSG00000146674,IGFBP3
Hypoxia,ENSG00000136244,IL6
Hypoxia,ENSG00000177606,JUN
Hypoxia,ENSG00000134333,LDHA
Hypoxia,ENSG00000113083,LOX
Hypoxia,ENSG00000240972,MIF
Hypoxia,ENSG00000119950,MXI1
Hypoxia,ENSG00000165030,NFIL3
Hypoxia,ENSG00000122884,P4HA1
Hypoxia,ENSG00000106366,SERPINE1
Hypoxia,ENSG00000145730,PAM
Hypoxia,ENSG00000100311,PDGFB
Hypoxia,ENSG00000152256,PDK1
Hypoxia,ENSG00000170525,PFKFB3
Hypoxia,ENSG00000114268,PFKFB4
Hypoxia,ENSG00000067057,PFKP
Hypoxia,ENSG00000119630,PGF
Hypoxia,ENSG00000102144,PGK1
Hypoxia,ENSG00000079739,PGM1
Hypoxia,ENSG00000011422,PLAUR
Hypoxia,ENSG00000152952,PLOD2
Hypoxia,ENSG00000119938,PPP1R3C
Hypoxia,ENSG00000258818,RNASE4
Hypoxia,ENSG00000130066,SAT1
Hypoxia,ENSG00000117394,SLC2A1
Hypoxia,ENSG00000059804,SLC2A3
Hypoxia,ENSG00000061656,SPAG4
Hypoxia,ENSG00000159167,STC1
Hypoxia,ENSG00000120708,TGFBI
Hypoxia,ENSG00000111669,TPI1
Hypoxia,ENSG00000112715,VEGFA
Hypoxia,ENSG00000147852,VLDLR
Hypoxia,ENSG00000121966,CXCR4
Hypoxia,ENSG00000143847,PPFIA4
Hypoxia,ENSG00000134107,BHLHE40
Hypoxia,ENSG00000118263,KLF7
Hypoxia,ENSG00000113739,STC2
Hypoxia,ENSG00000164105,SAP30
Hypoxia,ENSG00000072682,P4HA2
Hypoxia,ENSG00000118804,STBD1
Hypoxia,ENSG00000131016,AKAP12
Hypoxia,ENSG00000164442,CITED2
Hypoxia,ENSG00000104419,NDRG1
Hypoxia,ENSG00000265972,TXNIP
Hypoxia,ENSG00000188994,ZNF292
Hypoxia,ENSG00000070495,JMJD6
Hypoxia,ENSG00000185022,MAFF
Hypoxia,ENSG00000114023,FAM162A
Hypoxia,ENSG00000135245,HILPDA
Hypoxia,ENSG00000197930,ERO1A
Hypoxia,ENSG00000167772,ANGPTL4
Hypoxia,ENSG00000168209,DDIT4
Hypoxia,ENSG00000135766,EGLN1
Hypoxia,ENSG00000114796,KLHL24
Hypoxia,ENSG00000181458,TMEM45A
Hypoxia,ENSG00000115548,KDM3A
Hypoxia,ENSG00000186918,ZNF395
Hypoxia,ENSG00000129521,EGLN3
Inflammation,ENSG00000125845,BMP2
Inflammation,ENSG00000013725,CD6
Inflammation,ENSG00000172216,CEBPB
Inflammation,ENSG00000126353,CCR7
Inflammation,ENSG00000184371,CSF1
Inflammation,ENSG00000117525,F3
Inflammation,ENSG00000131187,F12
Inflammation,ENSG00000158869,FCER1G
Inflammation,ENSG00000086062,B4GALT1
Inflammation,ENSG00000126262,FFAR2
Inflammation,ENSG00000163739,CXCL1
Inflammation,ENSG00000081041,CXCL2
Inflammation,ENSG00000163734,CXCL3
Inflammation,ENSG00000090339,ICAM1
Inflammation,ENSG00000115008,IL1A
Inflammation,ENSG00000125538,IL1B
Inflammation,ENSG00000136244,IL6
Inflammation,ENSG00000169429,CXCL8
Inflammation,ENSG00000113302,IL12B
Inflammation,ENSG00000049249,TNFRSF9
Inflammation,ENSG00000150782,IL18
Inflammation,ENSG00000169245,CXCL10
Inflammation,ENSG00000134070,IRAK2
Inflammation,ENSG00000164344,KLKB1
Inflammation,ENSG00000109320,NFKB1
Inflammation,ENSG00000077150,NFKB2
Inflammation,ENSG00000173391,OLR1
Inflammation,ENSG00000099985,OSM
Inflammation,ENSG00000106366,SERPINE1
Inflammation,ENSG00000034152,MAP2K3
Inflammation,ENSG00000073756,PTGS2
Inflammation,ENSG00000163661,PTX3
Inflammation,ENSG00000162924,REL
Inflammation,ENSG00000173039,RELA
Inflammation,ENSG00000104856,RELB
Inflammation,ENSG00000143546,S100A8
Inflammation,ENSG00000108691,CCL2
Inflammation,ENSG00000277632,CCL3
Inflammation,ENSG00000275302,CCL4
Inflammation,ENSG00000271503,CCL5
Inflammation,ENSG00000108688,CCL7
Inflammation,ENSG00000108700,CCL8
Inflammation,ENSG00000275385,CCL18
Inflammation,ENSG00000115009,CCL20
Inflammation,ENSG00000274736,CCL23
Inflammation,ENSG00000124875,CXCL6
Inflammation,ENSG00000169248,CXCL11
Inflammation,ENSG00000137801,THBS1
Inflammation,ENSG00000137462,TLR2
Inflammation,ENSG00000232810,TNF
Inflammation,ENSG00000117586,TNFSF4
Inflammation,ENSG00000162692,VCAM1
Inflammation,ENSG00000114251,WNT5A
Inflammation,ENSG00000104312,RIPK2
Inflammation,ENSG00000176170,SPHK1
Inflammation,ENSG00000121797,CCRL2
Inflammation,ENSG00000145623,OSMR
Inflammation,ENSG00000172575,RASGRP1
Inflammation,ENSG00000145901,TNIP1
Inflammation,ENSG00000132510,KDM6B
Inflammation,ENSG00000196664,TLR7
Inflammation,ENSG00000110944,IL23A
Inflammation,ENSG00000168884,TNIP2
Inflammation,ENSG00000163874,ZC3H12A
Inflammation,ENSG00000121807,CCR2
Inflammation,ENSG00000102794,ACOD1
Inflammation,ENSG00000101384,JAG1
Inflammation,ENSG00000070961,ATP2B1
Inflammation,ENSG00000121594,CD80
Inflammation,ENSG00000026508,CD44
Inflammation,ENSG00000108342,CSF3
Inflammation,ENSG00000196352,CD55
Inflammation,ENSG00000078401,EDN1
Inflammation,ENSG00000124882,EREG
Inflammation,ENSG00000151726,ACSL1
Inflammation,ENSG00000196371,FUT4
Inflammation,ENSG00000131979,GCH1
Inflammation,ENSG00000147257,GPC3
Inflammation,ENSG00000115594,IL1R1
Inflammation,ENSG00000105855,ITGB8
Inflammation,ENSG00000128342,LIF
Inflammation,ENSG00000277443,MARCKS
Inflammation,ENSG00000100906,NFKBIA
Inflammation,ENSG00000131669,NINJ1
Inflammation,ENSG00000197632,SERPINB2
Inflammation,ENSG00000011422,PLAUR
Inflammation,ENSG00000143333,RGS16
Inflammation,ENSG00000124145,SDC4
Inflammation,ENSG00000110436,SLC1A2
Inflammation,ENSG00000075618,FSCN1
Inflammation,ENSG00000126561,STAT5A
Inflammation,ENSG00000185215,TNFAIP2
Inflammation,ENSG00000159388,BTG2
Inflammation,ENSG00000175592,FOSL1
Inflammation,ENSG00000184602,SNN
Inflammation,ENSG00000162407,PLPP3
Inflammation,ENSG00000125657,TNFSF9
Inflammation,ENSG00000137331,IER3
Inflammation,ENSG00000137860,SLC28A2
Inflammation,ENSG00000125733,TRIP10
Inflammation,ENSG00000189067,LITAF
Inflammation,ENSG00000105835,NAMPT
Inflammation,ENSG00000054523,KIF1B
Inflammation,ENSG00000184014,DENND5A
Inflammation,ENSG00000160223,ICOSLG
Inflammation,ENSG00000087074,PPP1R15A
Inflammation,ENSG00000185022,MAFF
Inflammation,ENSG00000064393,HIPK2
Inflammation,ENSG00000123689,G0S2
Inflammation,ENSG00000136048,DRAM1
Inflammation,ENSG00000145777,TSLP
Inflammation,ENSG00000137393,RNF144B
Invasion,ENSG00000106624,AEBP1
Invasion,ENSG00000085662,AKR1B1
Invasion,ENSG00000123505,AMD1
Invasion,ENSG00000005022,SLC25A5
Invasion,ENSG00000116459,ATP5PB
Invasion,ENSG00000107262,BAG1
Invasion,ENSG00000182492,BGN
Invasion,ENSG00000173369,C1QB
Invasion,ENSG00000122786,CALD1
Invasion,ENSG00000042493,CAPG
Invasion,ENSG00000105173,CCNE1
Invasion,ENSG00000140937,CDH11
Invasion,ENSG00000173207,CKS1B
Invasion,ENSG00000123975,CKS2
Invasion,ENSG00000108821,COL1A1
Invasion,ENSG00000164692,COL1A2
Invasion,ENSG00000168542,COL3A1
Invasion,ENSG00000130635,COL5A1
Invasion,ENSG00000204262,COL5A2
Invasion,ENSG00000142173,COL6A2
Invasion,ENSG00000163359,COL6A3
Invasion,ENSG00000123500,COL10A1
Invasion,ENSG00000060718,COL11A1
Invasion,ENSG00000105664,COMP
Invasion,ENSG00000124207,CSE1L
Invasion,ENSG00000038427,VCAN
Invasion,ENSG00000143387,CTSK
Invasion,ENSG00000153071,DAB2
Invasion,ENSG00000108654,DDX5
Invasion,ENSG00000151617,EDNRA
Invasion,ENSG00000078098,FAP
Invasion,ENSG00000166147,FBN1
Invasion,ENSG00000115414,FN1
Invasion,ENSG00000087460,GNAS
Invasion,ENSG00000164032,H2AFZ
Invasion,ENSG00000164104,HMGB2
Invasion,ENSG00000153187,HNRNPU
Invasion,ENSG00000133835,HSD17B4
Invasion,ENSG00000142871,CYR61
Invasion,ENSG00000122641,INHBA
Invasion,ENSG00000091136,LAMB1
Invasion,ENSG00000135862,LAMC1
Invasion,ENSG00000100097,LGALS1
Invasion,ENSG00000113083,LOX
Invasion,ENSG00000134013,LOXL2
Invasion,ENSG00000139329,LUM
Invasion,ENSG00000087245,MMP2
Invasion,ENSG00000099953,MMP11
Invasion,ENSG00000099783,HNRNPM
Invasion,ENSG00000099795,NDUFB7
Invasion,ENSG00000065978,YBX1
Invasion,ENSG00000113721,PDGFRB
Invasion,ENSG00000122861,PLAU
Invasion,ENSG00000116132,PRRX1
Invasion,ENSG00000100941,PNN
Invasion,ENSG00000168938,PPIC
Invasion,ENSG00000184500,PROS1
Invasion,ENSG00000106588,PSMA2
Invasion,ENSG00000159377,PSMB4
Invasion,ENSG00000117152,RGS4
Invasion,ENSG00000019549,SNAI2
Invasion,ENSG00000152377,SPOCK1
Invasion,ENSG00000120708,TGFBI
Invasion,ENSG00000186340,THBS2
Invasion,ENSG00000154096,THY1
Invasion,ENSG00000123610,TNFAIP6
Invasion,ENSG00000169139,UBE2V2
Invasion,ENSG00000148848,ADAM12
Invasion,ENSG00000197614,MFAP5
Invasion,ENSG00000198542,ITGBL1
Invasion,ENSG00000115129,TP53I3
Invasion,ENSG00000074590,NUAK1
Invasion,ENSG00000152795,HNRNPDL
Invasion,ENSG00000115514,TXNDC9
Invasion,ENSG00000128606,LRRC17
Invasion,ENSG00000216490,IFI30
Invasion,ENSG00000133110,POSTN
Invasion,ENSG00000108468,CBX1
Invasion,ENSG00000087303,NID2
Invasion,ENSG00000133818,RRAS2
Invasion,ENSG00000125970,RALY
Invasion,ENSG00000179918,SEPHS2
Invasion,ENSG00000164683,HEY1
Invasion,ENSG00000101825,MXRA5
Invasion,ENSG00000162745,OLFML2B
Invasion,ENSG00000249992,TMEM158
Invasion,ENSG00000018408,WWTR1
Invasion,ENSG00000166923,GREM1
Invasion,ENSG00000086991,NOX4
Invasion,ENSG00000111729,CLEC4A
Invasion,ENSG00000005243,COPZ2
Invasion,ENSG00000106819,ASPN
Invasion,ENSG00000103888,CEMIP
Invasion,ENSG00000103196,CRISPLD2
Invasion,ENSG00000176014,TUBB6
Invasion,ENSG00000172061,LRRC15
Invasion,ENSG00000196230,TUBB
Metastasis,ENSG00000144476,ACKR3
Metastasis,ENSG00000081051,AFP
Metastasis,ENSG00000106541,AGR2
Metastasis,ENSG00000142208,AKT1
Metastasis,ENSG00000165092,ALDH1A1
Metastasis,ENSG00000167772,ANGPTL4
Metastasis,ENSG00000135046,ANXA1
Metastasis,ENSG00000182718,ANXA2
Metastasis,ENSG00000161798,AQP5
Metastasis,ENSG00000162772,ATF3
Metastasis,ENSG00000087586,AURKA
Metastasis,ENSG00000167601,AXL
Metastasis,ENSG00000166710,B2M
Metastasis,ENSG00000168283,BMI1
Metastasis,ENSG00000125845,BMP2
Metastasis,ENSG00000157764,BRAF
Metastasis,ENSG00000172270,BSG
Metastasis,ENSG00000107159,CA9
Metastasis,ENSG00000115355,CCDC88A
Metastasis,ENSG00000110092,CCND1
Metastasis,ENSG00000126353,CCR7
Metastasis,ENSG00000272398,CD24
Metastasis,ENSG00000120217,CD274
Metastasis,ENSG00000026508,CD44
Metastasis,ENSG00000163814,CDCP1
Metastasis,ENSG00000079112,CDH17
Metastasis,ENSG00000170558,CDH2
Metastasis,ENSG00000079385,CEACAM1
Metastasis,ENSG00000105388,CEACAM5
Metastasis,ENSG00000213719,CLIC1
Metastasis,ENSG00000132693,CRP
Metastasis,ENSG00000118523,CTGF
Metastasis,ENSG00000198561,CTNND1
Metastasis,ENSG00000164733,CTSB
Metastasis,ENSG00000143387,CTSK
Metastasis,ENSG00000135047,CTSL
Metastasis,ENSG00000085733,CTTN
Metastasis,ENSG00000107562,CXCL12
Metastasis,ENSG00000081041,CXCL2
Metastasis,ENSG00000169429,CXCL8
Metastasis,ENSG00000180871,CXCR2
Metastasis,ENSG00000142871,CYR61
Metastasis,ENSG00000162733,DDR2
Metastasis,ENSG00000138798,EGF
Metastasis,ENSG00000146648,EGFR
Metastasis,ENSG00000120738,EGR1
Metastasis,ENSG00000116016,EPAS1
Metastasis,ENSG00000119888,EPCAM
Metastasis,ENSG00000141736,ERBB2
Metastasis,ENSG00000065361,ERBB3
Metastasis,ENSG00000091831,ESR1
Metastasis,ENSG00000140009,ESR2
Metastasis,ENSG00000106462,EZH2
Metastasis,ENSG00000092820,EZR
Metastasis,ENSG00000164251,F2RL1
Metastasis,ENSG00000077782,FGFR1
Metastasis,ENSG00000132589,FLOT2
Metastasis,ENSG00000102755,FLT1
Metastasis,ENSG00000037280,FLT4
Metastasis,ENSG00000115414,FN1
Metastasis,ENSG00000176692,FOXC2
Metastasis,ENSG00000111206,FOXM1
Metastasis,ENSG00000111087,GLI1
Metastasis,ENSG00000019991,HGF
Metastasis,ENSG00000100644,HIF1A
Metastasis,ENSG00000137309,HMGA1
Metastasis,ENSG00000149948,HMGA2
Metastasis,ENSG00000173083,HPSE
Metastasis,ENSG00000125968,ID1
Metastasis,ENSG00000131203,IDO1
Metastasis,ENSG00000140443,IGF1R
Metastasis,ENSG00000136231,IGF2BP3
Metastasis,ENSG00000136244,IL6
Metastasis,ENSG00000005884,ITGA3
Metastasis,ENSG00000161638,ITGA5
Metastasis,ENSG00000091409,ITGA6
Metastasis,ENSG00000138448,ITGAV
Metastasis,ENSG00000150093,ITGB1
Metastasis,ENSG00000259207,ITGB3
Metastasis,ENSG00000101384,JAG1
Metastasis,ENSG00000128052,KDR
Metastasis,ENSG00000133703,KRAS
Metastasis,ENSG00000171345,KRT19
Metastasis,ENSG00000198910,L1CAM
Metastasis,ENSG00000058085,LAMC2
Metastasis,ENSG00000002834,LASP1
Metastasis,ENSG00000131981,LGALS3
Metastasis,ENSG00000113083,LOX
Metastasis,ENSG00000134013,LOXL2
Metastasis,ENSG00000183742,MACC1
Metastasis,ENSG00000076706,MCAM
Metastasis,ENSG00000135679,MDM2
Metastasis,ENSG00000105976,MET
Metastasis,ENSG00000240972,MIF
Metastasis,ENSG00000148773,MKI67
Metastasis,ENSG00000196549,MME
Metastasis,ENSG00000196611,MMP1
Metastasis,ENSG00000099953,MMP11
Metastasis,ENSG00000137745,MMP13
Metastasis,ENSG00000157227,MMP14
Metastasis,ENSG00000087245,MMP2
Metastasis,ENSG00000149968,MMP3
Metastasis,ENSG00000137673,MMP7
Metastasis,ENSG00000100985,MMP9
Metastasis,ENSG00000147065,MSN
Metastasis,ENSG00000164078,MST1R
Metastasis,ENSG00000182979,MTA1
Metastasis,ENSG00000147649,MTDH
Metastasis,ENSG00000185499,MUC1
Metastasis,ENSG00000136997,MYC
Metastasis,ENSG00000111859,NEDD9
Metastasis,ENSG00000148400,NOTCH1
Metastasis,ENSG00000148053,NTRK2
Metastasis,ENSG00000132646,PCNA
Metastasis,ENSG00000134853,PDGFRA
Metastasis,ENSG00000162493,PDPN
Metastasis,ENSG00000121879,PIK3CA
Metastasis,ENSG00000067225,PKM
Metastasis,ENSG00000122861,PLAU
Metastasis,ENSG00000011422,PLAUR
Metastasis,ENSG00000133110,POSTN
Metastasis,ENSG00000163558,PRKCI
Metastasis,ENSG00000007062,PROM1
Metastasis,ENSG00000167653,PSCA
Metastasis,ENSG00000073756,PTGS2
Metastasis,ENSG00000087494,PTHLH
Metastasis,ENSG00000169398,PTK2
Metastasis,ENSG00000184489,PTP4A3
Metastasis,ENSG00000164611,PTTG1
Metastasis,ENSG00000089159,PXN
Metastasis,ENSG00000132698,RAB25
Metastasis,ENSG00000136238,RAC1
Metastasis,ENSG00000173039,RELA
Metastasis,ENSG00000155366,RHOC
Metastasis,ENSG00000067900,ROCK1
Metastasis,ENSG00000196154,S100A4
Metastasis,ENSG00000182568,SATB1
Metastasis,ENSG00000137575,SDCBP
Metastasis,ENSG00000007908,SELE
Metastasis,ENSG00000174175,SELP
Metastasis,ENSG00000117394,SLC2A1
Metastasis,ENSG00000124216,SNAI1
Metastasis,ENSG00000019549,SNAI2
Metastasis,ENSG00000173267,SNCG
Metastasis,ENSG00000124766,SOX4
Metastasis,ENSG00000113140,SPARC
Metastasis,ENSG00000118785,SPP1
Metastasis,ENSG00000197122,SRC
Metastasis,ENSG00000168610,STAT3
Metastasis,ENSG00000117632,STMN1
Metastasis,ENSG00000164362,TERT
Metastasis,ENSG00000120708,TGFBI
Metastasis,ENSG00000198959,TGM2
Metastasis,ENSG00000102265,TIMP1
Metastasis,ENSG00000137648,TMPRSS4
Metastasis,ENSG00000120659,TNFSF11
Metastasis,ENSG00000025708,TYMP
Metastasis,ENSG00000038427,VCAN
Metastasis,ENSG00000112715,VEGFA
Metastasis,ENSG00000150630,VEGFC
Metastasis,ENSG00000165197,VEGFD
Metastasis,ENSG00000026025,VIM
Metastasis,ENSG00000132970,WASF3
Metastasis,ENSG00000137693,YAP1
Metastasis,ENSG00000148516,ZEB1
Metastasis,ENSG00000169554,ZEB2
Proliferation,ENSG00000156110,ADK
Proliferation,ENSG00000087088,BAX
Proliferation,ENSG00000110092,CCND1
Proliferation,ENSG00000107779,BMPR1A
Proliferation,ENSG00000156970,BUB1B
Proliferation,ENSG00000145386,CCNA2
Proliferation,ENSG00000134057,CCNB1
Proliferation,ENSG00000101017,CD40
Proliferation,ENSG00000170312,CDK1
Proliferation,ENSG00000117399,CDC20
Proliferation,ENSG00000051523,CYBA
Proliferation,ENSG00000164104,HMGB2
Proliferation,ENSG00000115457,IGFBP2
Proliferation,ENSG00000148773,MKI67
Proliferation,ENSG00000184304,PRKD1
Proliferation,ENSG00000120156,TEK
Proliferation,ENSG00000167900,TK1
Proliferation,ENSG00000131747,TOP2A
Proliferation,ENSG00000126787,DLGAP5
Proliferation,ENSG00000165304,MELK
Proliferation,ENSG00000101003,GINS1
Proliferation,ENSG00000118193,KIF14
Proliferation,ENSG00000161800,RACGAP1
Proliferation,ENSG00000066279,ASPM
Proliferation,ENSG00000272398,CD24
Proliferation,ENSG00000006210,CX3CL1
Proliferation,ENSG00000017427,IGF1
Proliferation,ENSG00000019582,CD74
Proliferation,ENSG00000073282,TP63
Proliferation,ENSG00000077782,FGFR1
Proliferation,ENSG00000080166,DCT
Proliferation,ENSG00000081237,PTPRC
Proliferation,ENSG00000089116,LHX5
Proliferation,ENSG00000091831,ESR1
Proliferation,ENSG00000097007,ABL1
Proliferation,ENSG00000100219,XBP1
Proliferation,ENSG00000100311,PDGFB
Proliferation,ENSG00000100644,HIF1A
Proliferation,ENSG00000102245,CD40LG
Proliferation,ENSG00000102678,FGF9
Proliferation,ENSG00000104290,FZD3
Proliferation,ENSG00000104312,RIPK2
Proliferation,ENSG00000105245,NUMBL
Proliferation,ENSG00000105246,EBI3
Proliferation,ENSG00000105989,WNT2
Proliferation,ENSG00000109471,IL2
Proliferation,ENSG00000110944,IL23A
Proliferation,ENSG00000112715,VEGFA
Proliferation,ENSG00000112902,SEMA5A
Proliferation,ENSG00000113520,IL4
Proliferation,ENSG00000114013,CD86
Proliferation,ENSG00000115415,STAT1
Proliferation,ENSG00000115738,ID2
Proliferation,ENSG00000116641,DOCK7
Proliferation,ENSG00000117090,SLAMF1
Proliferation,ENSG00000117586,TNFSF4
Proliferation,ENSG00000125084,WNT1
Proliferation,ENSG00000125657,TNFSF9
Proliferation,ENSG00000125686,MED1
Proliferation,ENSG00000128602,SMO
Proliferation,ENSG00000136869,TLR4
Proliferation,ENSG00000136997,MYC
Proliferation,ENSG00000138795,LEF1
Proliferation,ENSG00000139352,ASCL1
Proliferation,ENSG00000140285,FGF7
Proliferation,ENSG00000143867,OSR1
Proliferation,ENSG00000150782,IL18
Proliferation,ENSG00000154342,WNT3A
Proliferation,ENSG00000154764,WNT7A
Proliferation,ENSG00000162946,DISC1
Proliferation,ENSG00000163217,BMP10
Proliferation,ENSG00000165025,SYK
Proliferation,ENSG00000169194,IL13
Proliferation,ENSG00000171791,BCL2
Proliferation,ENSG00000172201,ID4
Proliferation,ENSG00000173757,STAT5B
Proliferation,ENSG00000174059,CD34
Proliferation,ENSG00000178971,CTC1
Proliferation,ENSG00000184058,TBX1
Proliferation,ENSG00000185950,IRS2
Proliferation,ENSG00000186827,TNFRSF4
Proliferation,ENSG00000189403,HMGB1
Proliferation,ENSG00000198026,ZNF335
Proliferation,ENSG00000198435,NRARP
Proliferation,ENSG00000204217,BMPR2
Proliferation,ENSG00000204305,AGER
Proliferation,ENSG00000240972,MIF
Proliferation,ENSG00000271503,CCL5
Quiescence,ENSG00000012779,ALOX5
Quiescence,ENSG00000164111,ANXA5
Quiescence,ENSG00000109321,AREG
Quiescence,ENSG00000095794,CREM
Quiescence,ENSG00000145708,CRHBP
Quiescence,ENSG00000134531,EMP1
Quiescence,ENSG00000126860,EVI2A
Quiescence,ENSG00000162645,GBP2
Quiescence,ENSG00000163739,CXCL1
Quiescence,ENSG00000081041,CXCL2
Quiescence,ENSG00000163734,CXCL3
Quiescence,ENSG00000164116,GUCY1A1
Quiescence,ENSG00000189060,H1F0
Quiescence,ENSG00000244734,HBB
Quiescence,ENSG00000136630,HLX
Quiescence,ENSG00000125538,IL1B
Quiescence,ENSG00000169429,CXCL8
Quiescence,ENSG00000122641,INHBA
Quiescence,ENSG00000169245,CXCL10
Quiescence,ENSG00000177606,JUN
Quiescence,ENSG00000169908,TM4SF1
Quiescence,ENSG00000171843,MLLT3
Quiescence,ENSG00000153234,NR4A2
Quiescence,ENSG00000197632,SERPINB2
Quiescence,ENSG00000184226,PCDH9
Quiescence,ENSG00000183395,PMCH
Quiescence,ENSG00000073756,PTGS2
Quiescence,ENSG00000081237,PTPRC
Quiescence,ENSG00000090104,RGS1
Quiescence,ENSG00000112077,RHAG
Quiescence,ENSG00000135452,TSPAN31
Quiescence,ENSG00000108700,CCL8
Quiescence,ENSG00000172724,CCL19
Quiescence,ENSG00000115009,CCL20
Quiescence,ENSG00000124875,CXCL6
Quiescence,ENSG00000169248,CXCL11
Quiescence,ENSG00000163735,CXCL5
Quiescence,ENSG00000136527,TRA2B
Quiescence,ENSG00000115306,SPTBN1
Quiescence,ENSG00000197321,SVIL
Quiescence,ENSG00000148737,TCF7L2
Quiescence,ENSG00000003436,TFPI
Quiescence,ENSG00000140682,TGFB1I1
Quiescence,ENSG00000146242,TPBG
Quiescence,ENSG00000117586,TNFSF4
Quiescence,ENSG00000114416,FXR1
Quiescence,ENSG00000180530,NRIP1
Quiescence,ENSG00000180573,HIST1H2AC
Quiescence,ENSG00000184678,HIST2H2BE
Quiescence,ENSG00000110841,PPFIBP1
Quiescence,ENSG00000121858,TNFSF10
Quiescence,ENSG00000115604,IL18R1
Quiescence,ENSG00000112299,VNN1
Quiescence,ENSG00000115165,CYTIP
Quiescence,ENSG00000123240,OPTN
Quiescence,ENSG00000149573,MPZL2
Quiescence,ENSG00000156234,CXCL13
Quiescence,ENSG00000102908,NFAT5
Quiescence,ENSG00000139278,GLIPR1
Quiescence,ENSG00000157110,RBPMS
Quiescence,ENSG00000187239,FNBP1
Quiescence,ENSG00000185022,MAFF
Quiescence,ENSG00000164548,TRA2A
Quiescence,ENSG00000197253,TPSB2
Quiescence,ENSG00000205189,ZBTB10
Quiescence,ENSG00000197903,HIST1H2BK
Stemness,ENSG00000183077,AFMID
Stemness,ENSG00000081051,AFP
Stemness,ENSG00000166825,ANPEP
Stemness,ENSG00000134982,APC
Stemness,ENSG00000240583,AQP1
Stemness,ENSG00000139352,ASCL1
Stemness,ENSG00000183734,ASCL2
Stemness,ENSG00000168646,AXIN2
Stemness,ENSG00000160862,AZGP1
Stemness,ENSG00000123636,BAZ2B
Stemness,ENSG00000168283,BMI1
Stemness,ENSG00000144857,BOC
Stemness,ENSG00000112308,C6orf62
Stemness,ENSG00000104267,CA2
Stemness,ENSG00000162545,CAMK2N1
Stemness,ENSG00000271503,CCL5
Stemness,ENSG00000118971,CCND2
Stemness,ENSG00000091972,CD200
Stemness,ENSG00000272398,CD24
Stemness,ENSG00000105383,CD33
Stemness,ENSG00000004468,CD38
Stemness,ENSG00000026508,CD44
Stemness,ENSG00000144354,CDCA7
Stemness,ENSG00000105810,CDK6
Stemness,ENSG00000245848,CEBPA
Stemness,ENSG00000001626,CFTR
Stemness,ENSG00000171316,CHD7
Stemness,ENSG00000110880,CORO1C
Stemness,ENSG00000081041,CXCL2
Stemness,ENSG00000109851,DBX1
Stemness,ENSG00000185610,DBX2
Stemness,ENSG00000119772,DNMT3A
Stemness,ENSG00000197635,DPP4
Stemness,ENSG00000164330,EBF1
Stemness,ENSG00000156508,EEF1A1
Stemness,ENSG00000146648,EGFR
Stemness,ENSG00000063046,EIF4B
Stemness,ENSG00000135638,EMX1
Stemness,ENSG00000170370,EMX2
Stemness,ENSG00000106991,ENG
Stemness,ENSG00000133216,EPHB2
Stemness,ENSG00000157557,ETS2
Stemness,ENSG00000006468,ETV1
Stemness,ENSG00000126860,EVI2A
Stemness,ENSG00000106462,EZH2
Stemness,ENSG00000164434,FABP7
Stemness,ENSG00000162981,FAM84A
Stemness,ENSG00000162458,FBLIM1
Stemness,ENSG00000161243,FBXO27
Stemness,ENSG00000101311,FERMT1
Stemness,ENSG00000125798,FOXA2
Stemness,ENSG00000170608,FOXA3
Stemness,ENSG00000176165,FOXG1
Stemness,ENSG00000102145,GATA1
Stemness,ENSG00000179348,GATA2
Stemness,ENSG00000107485,GATA3
Stemness,ENSG00000136574,GATA4
Stemness,ENSG00000131095,GFAP
Stemness,ENSG00000162676,GFI1
Stemness,ENSG00000111087,GLI1
Stemness,ENSG00000147257,GPC3
Stemness,ENSG00000150625,GPM6A
Stemness,ENSG00000121957,GPSM2
Stemness,ENSG00000176153,GPX2
Stemness,ENSG00000130600,H19
Stemness,ENSG00000132475,H3F3B
Stemness,ENSG00000074696,HACD3
Stemness,ENSG00000145681,HAPLN1
Stemness,ENSG00000221932,HEPN1
Stemness,ENSG00000114315,HES1
Stemness,ENSG00000169045,HNRNPH1
Stemness,ENSG00000104824,HNRNPL
Stemness,ENSG00000171476,HOPX
Stemness,ENSG00000090339,ICAM1
Stemness,ENSG00000138413,IDH1
Stemness,ENSG00000185811,IKZF1
Stemness,ENSG00000177508,IRX3
Stemness,ENSG00000169896,ITGAM
Stemness,ENSG00000128052,KDR
Stemness,ENSG00000157404,KIT
Stemness,ENSG00000129451,KLK10
Stemness,ENSG00000186847,KRT14
Stemness,ENSG00000150457,LATS2
Stemness,ENSG00000139292,LGR5
Stemness,ENSG00000205791,LOH12CR2
Stemness,ENSG00000144749,LRIG1
Stemness,ENSG00000167656,LY6D
Stemness,ENSG00000090382,LYZ
Stemness,ENSG00000251562,MALAT1
Stemness,ENSG00000172197,MBOAT1
Stemness,ENSG00000166823,MESP1
Stemness,ENSG00000188095,MESP2
Stemness,ENSG00000165819,METTL3
Stemness,ENSG00000078403,MLLT10
Stemness,ENSG00000196549,MME
Stemness,ENSG00000118513,MYB
Stemness,ENSG00000136997,MYC
Stemness,ENSG00000111704,NANOG
Stemness,ENSG00000149294,NCAM1
Stemness,ENSG00000197168,NEK5
Stemness,ENSG00000184613,NELL2
Stemness,ENSG00000123405,NFE2
Stemness,ENSG00000162599,NFIA
Stemness,ENSG00000147862,NFIB
Stemness,ENSG00000183072,NKX2-5
Stemness,ENSG00000156574,NODAL
Stemness,ENSG00000135318,NT5E
Stemness,ENSG00000102837,OLFM4
Stemness,ENSG00000079482,OPHN1
Stemness,ENSG00000091651,ORC6
Stemness,ENSG00000070756,PABPC1
Stemness,ENSG00000007372,PAX6
Stemness,ENSG00000204531,POU5F1
Stemness,ENSG00000007062,PROM1
Stemness,ENSG00000112655,PTK7
Stemness,ENSG00000187514,PTMA
Stemness,ENSG00000081237,PTPRC
Stemness,ENSG00000144724,PTPRG
Stemness,ENSG00000151490,PTPRO
Stemness,ENSG00000105426,PTPRS
Stemness,ENSG00000106278,PTPRZ1
Stemness,ENSG00000011478,QPCTL
Stemness,ENSG00000188060,RAB42
Stemness,ENSG00000197291,RAMP2-AS1
Stemness,ENSG00000004534,RBM6
Stemness,ENSG00000174136,RGMB
Stemness,ENSG00000108375,RNF43
Stemness,ENSG00000159216,RUNX1
Stemness,ENSG00000119335,SET
Stemness,ENSG00000064651,SLC12A2
Stemness,ENSG00000175387,SMAD2
Stemness,ENSG00000112562,SMOC2
Stemness,ENSG00000182968,SOX1
Stemness,ENSG00000176887,SOX11
Stemness,ENSG00000164736,SOX17
Stemness,ENSG00000181449,SOX2
Stemness,ENSG00000134595,SOX3
Stemness,ENSG00000124766,SOX4
Stemness,ENSG00000125398,SOX9
Stemness,ENSG00000136206,SPDYE1
Stemness,ENSG00000170092,SPDYE5
Stemness,ENSG00000153820,SPHKAP
Stemness,ENSG00000171943,SRGAP2C
Stemness,ENSG00000117632,STMN1
Stemness,ENSG00000104435,STMN2
Stemness,ENSG00000162367,TAL1
Stemness,ENSG00000203705,TATDN3
Stemness,ENSG00000140262,TCF12
Stemness,ENSG00000196628,TCF4
Stemness,ENSG00000241186,TDGF1
Stemness,ENSG00000114126,TFDP2
Stemness,ENSG00000072274,TFRC
Stemness,ENSG00000154096,THY1
Stemness,ENSG00000185361,TNFAIP8L1
Stemness,ENSG00000103460,TOX3
Stemness,ENSG00000164548,TRA2A
Stemness,ENSG00000000003,TSPAN6
Stemness,ENSG00000174607,UGT8
Stemness,ENSG00000112715,VEGFA
Stemness,ENSG00000160062,ZBTB8A
Stemness,ENSG00000188227,ZNF793
Stemness,ENSG00000118777,ABCG2
Stemness,ENSG00000165092,ALDH1A1
Stemness,ENSG00000184254,ALDH1A3
Stemness,ENSG00000187957,DNER
Stemness,ENSG00000105976,MET
